City,Country,Cloudiness,Humidity,Latitude,Longitude,Temperature,Wind Speed,Date,Max Temperature
port macquarie,au,90,72,-31.43,152.91,,5.82,1529553600,60.8
saint-philippe,re,75,53,-21.36,55.77,,8.05,1529551800,71.6
tubuala,pa,40,88,9.52,-79.03,,4.7,1529553600,77.0
torbay,ca,90,71,47.66,-52.73,,20.8,1529550000,51.8
de aar,za,0,79,-30.65,24.01,,5.64,1529554542,32.76
rikitea,pf,32,100,-23.12,-134.97,,6.98,1529554542,73.8
otradnoye,ru,0,66,59.77,30.8,,6.71,1529551800,55.4
kapaa,us,40,74,22.08,-159.32,,9.17,1529553360,80.6
ushuaia,ar,90,92,-54.81,-68.31,,17.22,1529553600,30.2
labutta,mm,,,,,,,,
puerto ayora,ec,20,100,-0.74,-90.35,,11.45,1529554357,71.37
coquimbo,cl,24,100,-29.95,-71.34,,3.36,1529553600,44.6
nkowakowa,za,88,97,-23.89,30.29,,0.94,1529554543,50.67
ust-kamchatsk,ru,,,,,,,,
cape town,za,0,93,-33.93,18.42,,4.7,1529550000,42.8
east london,za,0,71,-33.02,27.91,,9.17,1529550000,55.4
saint-denis,re,75,53,-20.87,55.47,,8.05,1529551800,71.6
havre-saint-pierre,ca,40,93,50.23,-63.6,,3.36,1529550000,50.0
atuona,pf,48,100,-9.8,-139.03,,11.79,1529554544,80.91
vostok,ru,92,100,46.45,135.83,,2.73,1529554544,56.34
llanes,es,36,97,43.42,-4.75,,0.83,1529554544,57.33
mys shmidta,ru,,,,,,,,
saint-augustin,ca,75,77,45.63,-73.98,,3.36,1529550000,68.0
dagda,lv,0,76,56.09,27.54,,11.68,1529554545,57.96
safakulevo,ru,0,64,54.99,62.54,,18.61,1529554545,61.74
castro,cl,88,86,-42.48,-73.76,,11.56,1529554545,45.36
manchar,in,92,96,19,73.94,,4.97,1529554545,75.24
busselton,au,92,100,-33.64,115.35,,11.56,1529554545,62.19
georgetown,sh,44,100,-7.93,-14.42,,16.49,1529554497,76.5
faanui,pf,88,99,-16.48,-151.75,,16.71,1529554546,81.27
saskylakh,ru,20,74,71.97,114.09,,8.77,1529554546,59.22
chernyshevskiy,ru,0,47,63.01,112.47,,3.51,1529554546,64.44
paradwip,in,,,,,,,,
grand river south east,mu,,,,,,,,
vestmanna,fo,88,75,62.16,-7.17,,31.09,1529553000,46.4
port elizabeth,za,0,93,-33.92,25.57,,2.24,1529550000,41.0
dikson,ru,0,91,73.51,80.55,,23.76,1529554491,34.11
port alfred,za,0,96,-33.59,26.89,,9.89,1529554477,60.3
chipinge,zw,36,84,-20.19,32.62,,2.73,1529554547,57.06
punta arenas,cl,20,100,-53.16,-70.91,,20.8,1529553600,32.0
richards bay,za,0,94,-28.77,32.06,,7.65,1529554547,61.56
vardo,no,75,100,70.37,31.11,,19.46,1529553000,42.8
salinopolis,br,64,100,-0.61,-47.36,,14.03,1529554803,78.48
hasaki,jp,75,88,35.73,140.83,,6.93,1529551800,71.6
koungou,yt,40,83,-12.73,45.2,,12.75,1529551800,78.8
zamora,ec,0,81,-4.07,-78.95,,1.95,1529554548,47.52
hilo,us,75,65,19.71,-155.08,,10.29,1529549760,80.6
iracoubo,gf,12,84,5.48,-53.21,,5.3,1529554549,76.86
monrovia,lr,100,97,6.33,-10.8,,5.3,1529554549,73.98
sakakah,sa,,,,,,,,
vigrestad,no,40,76,58.57,5.7,,5.82,1529553000,48.2
nome,us,40,94,30.04,-94.42,,6.42,1529552700,80.6
fortuna,us,90,87,40.6,-124.16,,5.82,1529553600,55.4
mapiripan,co,12,89,2.89,-72.13,,3.18,1529554549,72.36
lavrentiya,ru,8,93,65.58,-170.99,,9.55,1529554550,39.69
nicoya,cr,75,100,10.15,-85.45,,4.7,1529553600,73.4
yaan,cn,,,,,,,,
calmar,ca,40,47,53.27,-113.81,,9.17,1529550000,77.0
dzhusaly,kz,,,,,,,,
hobart,au,40,43,-42.88,147.33,,11.41,1529551800,55.4
bukachacha,ru,0,56,52.99,116.91,,3.4,1529554550,75.24
beni,cd,88,98,0.49,29.47,,3.18,1529554551,62.82
taolanaro,mg,,,,,,,,
luderitz,na,0,87,-26.65,15.16,,6.31,1529554551,50.22
road town,vg,20,83,18.42,-64.62,,3.36,1529553180,78.8
nikolskoye,ru,0,66,59.7,30.79,,6.71,1529551800,55.4
norman wells,ca,40,49,65.28,-126.83,,5.82,1529550000,73.4
margate,za,0,87,-30.86,30.37,,12.91,1529554517,63.36
bredasdorp,za,8,93,-34.53,20.04,,3.36,1529550000,37.4
vaitupu,wf,,,,,,,,
hermanus,za,0,92,-34.42,19.24,,2.62,1529554552,32.94
bluff,nz,48,100,-46.6,168.33,,1.61,1529554552,44.91
kamenskoye,ru,,,,,,,,
mehriz,ir,0,13,31.58,54.44,,4.7,1529551800,84.2
bengkulu,id,,,,,,,,
mwanza,mw,100,76,-15.61,34.52,,0.72,1529554553,64.71
gamba,ga,36,100,-2.72,10.02,,12.24,1529554553,73.26
hay river,ca,75,44,60.82,-115.79,,6.93,1529550000,78.8
ternate,id,0,100,0.8,127.4,,1.95,1529554806,82.17
barrow,us,40,94,39.51,-90.4,,4.29,1529552100,75.2
yellowknife,ca,75,41,62.45,-114.38,,14.99,1529550000,77.0
axim,gh,88,100,4.87,-2.24,,11.79,1529554554,77.31
tuggurt,dz,,,,,,,,
banda aceh,id,48,78,5.56,95.32,,3.18,1529554444,84.15
xudat,az,0,84,41.63,48.68,,2.84,1529554554,66.51
bonavista,ca,56,74,48.65,-53.11,,13.58,1529554554,52.47
moose jaw,ca,20,40,50.4,-105.54,,3.36,1529550000,73.4
choucheng,cn,,,,,,,,
albany,au,24,86,-35.02,117.88,,11.9,1529554338,59.94
rincon,an,,,,,,,,
qaanaaq,gl,64,98,77.48,-69.36,,1.16,1529554517,31.23
geraldton,ca,20,62,49.72,-86.95,,4.7,1529550000,53.6
mar del plata,ar,88,76,-46.43,-67.52,,18.5,1529554555,42.21
hofn,is,0,92,64.25,-15.21,,4.85,1529554555,46.98
asfi,ma,,,,,,,,
cabo san lucas,mx,5,78,22.89,-109.91,,4.7,1529552880,73.4
roma,au,0,79,-26.57,148.79,,5.64,1529554807,61.92
muli,mv,80,100,2.92,73.57,,11.34,1529554556,81.9
mataura,pf,,,,,,,,
kodiak,us,1,78,39.95,-94.76,,8.05,1529549580,73.4
sambava,mg,68,100,-14.27,50.17,,16.93,1529554556,74.16
lazaro cardenas,mx,5,17,28.39,-105.62,,3.36,1529552400,82.4
shakawe,bw,0,63,-18.36,21.84,,2.28,1529554556,45.81
bojnurd,ir,20,49,37.47,57.33,,2.24,1529550000,69.8
yulara,au,0,41,-25.24,130.99,,10.29,1529550000,60.8
vila franca do campo,pt,40,94,37.72,-25.43,,5.82,1529551800,69.8
karratha,au,0,22,-20.74,116.85,,15.7,1529554808,73.53
atambua,id,0,79,-9.11,124.89,,4.97,1529554808,85.05
cabedelo,br,40,88,-6.97,-34.84,,3.36,1529553600,69.8
utiroa,ki,,,,,,,,
almonte,es,0,83,37.26,-6.52,,5.82,1529553600,69.8
burley,us,1,40,42.54,-113.79,,5.82,1529549580,73.4
fenoarivo,mg,20,93,-18.93,47.44,,6.93,1529551800,51.8
kilindoni,tz,64,92,-7.91,39.67,,12.12,1529554558,80.01
port hedland,au,0,22,-20.31,118.58,,16.11,1529553600,77.0
bathsheba,bb,75,78,13.22,-59.52,,13.87,1529553600,78.8
new norfolk,au,40,43,-42.78,147.06,,11.41,1529551800,55.4
avarua,ck,40,64,-21.21,-159.78,,9.17,1529553600,75.2
tiksi,ru,56,72,71.64,128.87,,3.62,1529554558,57.69
samusu,ws,,,,,,,,
biryusinsk,ru,12,58,55.96,97.82,,3.51,1529554559,75.96
chadiza,zm,0,84,-14.06,32.43,,5.64,1529554559,50.94
tasiilaq,gl,92,92,65.61,-37.64,,18.34,1529553000,41.0
ilulissat,gl,0,43,69.22,-51.1,,16.11,1529553000,51.8
butaritari,ki,88,100,3.07,172.79,,5.64,1529554559,84.06
hirara,jp,75,84,24.8,125.28,,17.22,1529550000,86.0
beitbridge,zw,48,99,-22.22,30,,7.43,1529554560,60.84
aksarka,ru,56,98,66.56,67.8,,8.77,1529554560,54.27
tsihombe,mg,,,,,,,,
santa cruz das palmeiras,br,0,86,-21.82,-47.25,,3.96,1529554560,56.25
lusambo,cd,32,75,-4.97,23.44,,1.95,1529554560,70.56
arraial do cabo,br,0,99,-22.97,-42.02,,12.24,1529554481,68.04
meadow lake,ca,0,32,54.13,-108.44,,5.19,1529554561,79.83
mandera,ke,32,64,3.94,41.87,,8.99,1529554561,76.59
tecoanapa,mx,75,78,16.99,-99.26,,6.93,1529552760,82.4
polson,us,80,57,47.69,-114.16,,2.39,1529554291,63.27
aklavik,ca,20,52,68.22,-135.01,,5.82,1529550000,64.4
barentsburg,sj,,,,,,,,
harrisonburg,us,1,100,38.45,-78.87,,2.95,1529553180,71.6
bereda,so,,,,,,,,
urucara,br,8,98,-2.54,-57.76,,2.51,1529554562,69.3
mbandaka,cd,8,96,0.05,18.26,,2.39,1529554811,71.37
beira,mz,24,85,-19.84,34.84,,3.4,1529554562,68.67
college,us,1,29,64.86,-147.8,,5.82,1529553480,77.0
jamestown,sh,88,100,-15.94,-5.72,,17.94,1529554563,70.11
vallenar,cl,0,67,-28.58,-70.76,,2.06,1529554563,44.01
ponta do sol,cv,0,100,17.2,-25.09,,13.02,1529554563,71.55
vaini,to,40,78,-21.2,-175.2,,5.82,1529553600,80.6
linxia,cn,92,100,35.6,103.21,,3.4,1529554563,56.07
kachiry,kz,0,61,53.07,76.1,,10.67,1529554564,69.93
shelburne,ca,1,67,44.08,-80.2,,3.36,1529550000,68.0
ituni,gy,,,,,,,,
hithadhoo,mv,80,100,-0.6,73.08,,7.43,1529554497,83.97
amahai,id,88,100,-3.31,129,,3.96,1529554564,78.84
imeni babushkina,ru,92,96,59.76,43.13,,20.85,1529554564,49.68
portland,au,68,78,-33.35,149.98,,2.73,1529554564,49.14
provideniya,ru,75,70,64.42,-173.23,,13.42,1529551800,44.6
potiskum,ng,92,94,11.71,11.08,,8.77,1529554565,70.56
san cristobal,ec,64,100,-1.02,-79.44,,1.16,1529554530,59.04
husavik,is,0,100,66.04,-17.34,,2.24,1529553600,35.6
posse,br,0,66,-14.08,-46.36,,12.91,1529554565,66.87
posadas,ar,0,88,-27.37,-55.9,,4.7,1529553600,64.4
hami,cn,80,45,42.84,93.51,,4.63,1529554565,85.77
samarai,pg,92,100,-10.62,150.67,,17.05,1529554487,78.12
laguna,br,,,,,,,,
kaitangata,nz,0,90,-46.28,169.85,,3.62,1529554812,43.29
airai,pw,,,,,,,,
melfort,ca,75,41,52.87,-104.61,,10.29,1529550000,78.8
codrington,ag,,,,,,,,
tiarei,pf,40,69,-17.53,-149.33,,1.12,1529553600,80.6
casa nova,br,92,98,-11.77,-39.23,,5.19,1529554566,69.21
kramat,id,80,88,-7.04,112.64,,3.4,1529554567,83.97
belushya guba,ru,,,,,,,,
kaili,cn,,,,,,,,
villa bruzual,ve,40,94,9.33,-69.12,,2.95,1529550000,73.4
cuiluan,cn,36,61,47.72,128.65,,8.88,1529554567,67.23
mendota,us,1,32,36.75,-120.38,,11.41,1529553360,86.0
bambous virieux,mu,75,94,-20.34,57.76,,4.41,1529550000,71.6
santa cruz,cr,75,100,10.26,-85.58,,4.7,1529553600,73.4
meulaboh,id,0,100,4.14,96.13,,1.72,1529554568,84.15
khatanga,ru,80,100,71.98,102.47,,18.05,1529554568,54.81
samalaeulu,ws,,,,,,,,
khasan,ru,64,77,42.43,130.64,,10.33,1529554568,65.52
berlevag,no,75,93,70.86,29.09,,8.05,1529553000,44.6
illoqqortoormiut,gl,,,,,,,,
magtanggol,ph,,,,,,,,
lauria,it,0,100,40.05,15.84,,0.94,1529554569,55.08
ambilobe,mg,0,85,-13.19,49.05,,5.64,1529554536,64.71
saint george,bm,20,83,32.38,-64.68,,13.87,1529553300,77.0
zhigansk,ru,0,39,66.77,123.37,,3.85,1529554537,68.94
lebu,cl,92,100,-37.62,-73.65,,12.01,1529554569,52.11
tornio,fi,0,76,61.12,27.27,,3.36,1529553000,53.6
ribeira grande,pt,68,100,38.52,-28.7,,2.62,1529554570,70.83
matagami,ca,1,53,49.76,-77.63,,8.05,1529550000,41.0
saint-francois,gp,20,78,16.25,-61.27,,6.93,1529553600,75.2
evensk,ru,12,100,61.92,159.24,,5.41,1529554531,44.91
ossora,ru,20,94,59.24,163.07,,1.72,1529554814,51.93
yar-sale,ru,8,85,66.83,70.83,,3.74,1529554747,52.11
severo-kurilsk,ru,76,100,50.68,156.12,,7.2,1529554482,42.66
saint-joseph,re,75,53,-21.37,55.62,,8.05,1529551800,71.6
plettenberg bay,za,0,100,-34.05,23.37,,7.76,1529554815,56.52
moquegua,pe,8,76,-17.19,-70.93,,1.83,1529554570,51.84
ulyanovo,ru,,,,,,,,
cairns,au,20,44,-16.92,145.77,,19.46,1529551800,77.0
brejinho,br,0,78,-6.2,-35.36,,8.05,1529553600,73.4
da lat,vn,92,80,11.95,108.44,,3.4,1529554571,74.16
chuy,uy,68,90,-33.69,-53.46,,11.68,1529554571,58.86
sirjan,ir,0,23,29.44,55.67,,3.18,1529554571,70.47
ancud,cl,88,82,-41.87,-73.83,,10.45,1529554480,46.44
yiyang,cn,92,100,28.59,112.35,,5.19,1529554572,75.69
maceio,br,75,100,-9.67,-35.74,,3.36,1529553600,68.0
vega de alatorre,mx,92,92,20.03,-96.65,,5.08,1529554572,77.04
roald,no,75,100,62.58,6.12,,8.05,1529553000,46.4
thompson,ca,75,53,55.74,-97.86,,4.7,1529550000,75.2
amderma,ru,,,,,,,,
saleaula,ws,,,,,,,,
mahebourg,mu,75,94,-20.41,57.7,,4.41,1529550000,71.6
ketchikan,us,90,100,55.34,-131.65,,9.17,1529554020,60.8
strathpeffer,gb,40,87,57.59,-4.54,,5.82,1529553000,46.4
khovu-aksy,ru,48,61,51.13,93.72,,2.17,1529554573,66.69
iralaya,hn,56,97,15,-83.23,,5.86,1529554573,78.75
yomitan,jp,,,,,,,,
boca do acre,br,32,84,-8.76,-67.39,,2.39,1529554573,70.47
rawson,ar,0,42,-43.3,-65.11,,21.52,1529554574,48.87
san luis,mx,1,15,32.49,-114.78,,6.93,1529553420,91.4
athens,us,1,61,33.96,-83.39,,8.05,1529553360,82.4
bocaranga,cf,,,,,,,,
la ronge,ca,40,47,55.1,-105.3,,6.93,1529550000,78.8
tuktoyaktuk,ca,40,90,69.44,-133.03,,10.29,1529550000,50.0
fare,pf,92,96,-16.7,-151.02,,15.59,1529554575,81.54
gao,ml,8,31,16.28,-0.04,,4.85,1529554575,80.01
wagar,sd,8,75,16.15,36.2,,3.96,1529554817,76.68
sinnamary,gf,80,95,5.38,-52.96,,11.12,1529554818,80.82
rianxo,es,20,100,42.65,-8.82,,4.7,1529551800,69.8
honningsvag,no,90,100,70.98,25.97,,8.05,1529553000,44.6
pevek,ru,0,70,69.7,170.27,,2.17,1529554575,47.34
patitirion,gr,20,69,39.15,23.87,,12.91,1529553000,77.0
harper,lr,100,100,4.38,-7.71,,9.66,1529554576,78.48
cheyenne,us,1,82,41.14,-104.82,,5.82,1529553180,57.2
porbandar,in,40,70,21.64,69.61,,13.87,1529551800,87.8
san quintin,mx,,,,,,,,
coihaique,cl,75,69,-45.58,-72.07,,8.05,1529553600,37.4
nanortalik,gl,92,95,60.14,-45.24,,28.12,1529554481,36.9
sirvintos,lt,0,76,55.05,24.95,,10.29,1529553000,62.6
clarence town,bs,0,100,23.1,-74.98,,5.97,1529554819,82.71
ixtapa,mx,75,88,20.71,-105.21,,2.17,1529552760,78.8
krasnotorka,ua,0,38,48.68,37.52,,8.21,1529554577,70.11
pacifica,us,75,76,37.61,-122.49,,18.34,1529553360,60.8
fort nelson,ca,75,42,58.81,-122.69,,3.36,1529550000,82.4
pangnirtung,ca,76,99,66.15,-65.72,,1.95,1529554481,31.32
clovis,us,20,33,36.83,-119.7,,13.87,1529553360,86.0
noumea,nc,75,53,-22.28,166.46,,9.17,1529553600,73.4
tura,ru,88,100,64.27,100.22,,2.84,1529554520,60.93
gombong,id,36,75,-7.19,109.31,,3.18,1529554578,81.09
lompoc,us,90,87,34.64,-120.46,,10.29,1529553480,62.6
ondangwa,na,0,47,-17.91,15.98,,8.1,1529554578,47.52
lexington,us,1,83,38.05,-84.5,,4.7,1529552100,75.2
helong,cn,92,88,25.94,116.13,,4.41,1529554578,80.46
victor harbor,au,0,54,-35.55,138.62,,8.05,1529551800,57.2
andenes,no,75,93,69.31,16.12,,6.93,1529553000,48.2
olafsvik,is,,,,,,,,
teknaf,bd,92,100,20.86,92.31,,3.74,1529554820,77.49
moerai,pf,12,100,-22.43,-151.33,,4.74,1529554579,74.97
misratah,ly,0,98,32.38,15.09,,4.85,1529554514,68.31
nioro,ml,,,,,,,,
lieksa,fi,20,67,63.32,30.02,,5.41,1529554579,51.75
requena,pe,,,,,,,,
lebyazhye,ru,0,66,59.96,29.42,,6.71,1529551800,55.4
tezu,in,20,85,27.93,96.16,,0.6,1529554820,75.96
sabang,id,0,100,1.17,120.82,,3.4,1529554500,82.44
kahului,us,40,65,20.89,-156.47,,16.11,1529553360,82.4
mawlaik,mm,80,93,23.63,94.42,,2.73,1529554580,80.64
kizukuri,jp,75,100,40.81,140.39,,8.05,1529550000,69.8
dragu,ro,0,82,47.04,23.4,,1.12,1529551800,66.2
nizhneyansk,ru,,,,,,,,
ginda,er,,,,,,,,
touros,br,68,82,-5.2,-35.46,,15.14,1529554581,76.41
bethel,us,90,62,60.79,-161.76,,6.93,1529553180,59.0
los llanos de aridane,es,56,77,28.66,-17.92,,11.41,1529553600,68.0
kankaanpaa,fi,0,76,61.8,22.42,,3.36,1529553000,53.6
baykit,ru,56,79,61.68,96.39,,3.85,1529554821,66.24
puerto lopez,co,,,,,,,,
sampit,id,48,84,-2.54,112.95,,6.42,1529554582,83.34
leningradskiy,ru,8,98,69.38,178.42,,16.49,1529554582,32.4
beloha,mg,0,80,-25.17,45.06,,2.73,1529554822,54.36
bandarbeyla,so,0,81,9.49,50.81,,29.01,1529554582,77.76
diplo,pk,64,76,24.47,69.59,,12.57,1529554582,84.24
koundara,gn,24,74,12.49,-13.3,,12.46,1529554583,78.21
marzuq,ly,,,,,,,,
voh,nc,64,100,-20.95,164.69,,11.68,1529554583,70.92
yelizovo,ru,56,49,53.19,158.38,,15.66,1529551800,68.0
dingle,ie,80,100,52.14,-10.27,,14.47,1529554822,54.99
faya,td,,,,,,,,
georgetown,us,1,100,33.38,-79.29,,5.53,1529553300,80.6
adrar,dz,0,13,27.87,-0.29,,14.99,1529550000,84.2
yako,bf,0,54,12.96,-2.26,,13.47,1529554584,82.17
myski,ru,8,69,53.71,87.8,,5.75,1529554584,68.76
chokurdakh,ru,0,86,70.62,147.9,,10.67,1529554495,53.37
alta floresta,br,24,66,-9.87,-56.08,,4.29,1529554585,77.76
narsaq,gl,75,37,60.91,-46.05,,6.93,1529553000,51.8
halalo,wf,,,,,,,,
mezen,ru,80,100,65.85,44.24,,3.4,1529554585,57.06
bay city,us,1,77,43.59,-83.89,,2.84,1529552160,64.4
sitka,us,0,58,37.17,-99.65,,9.78,1529554585,75.42
trelew,ar,0,42,-43.25,-65.31,,21.52,1529554823,48.87
dzilam gonzalez,mx,0,50,21.28,-88.93,,8.77,1529554585,85.5
prince george,ca,75,39,53.92,-122.75,,25.28,1529552640,78.8
bara,sd,,,,,,,,
carnarvon,au,0,100,-24.87,113.63,,10.22,1529554749,63.09
usinsk,ru,0,76,66,57.56,,7.65,1529554586,58.86
riyadh,sa,0,16,24.63,46.72,,4.7,1529550000,86.0
myanaung,mm,88,100,18.28,95.32,,7.76,1529554586,78.03
balkhash,kz,20,77,46.84,74.98,,5.64,1529554824,74.88
swan river,ca,8,28,52.11,-101.27,,6.53,1529554587,80.19
mandalgovi,mn,64,32,45.76,106.27,,6.08,1529554587,76.41
clyde river,ca,90,92,70.47,-68.59,,10.29,1529550000,33.8
pisco,pe,90,82,-13.71,-76.2,,3.36,1529553600,62.6
esperance,au,0,68,-33.86,121.89,,7.43,1529554587,61.74
port blair,in,56,100,11.67,92.75,,16.15,1529554587,82.08
sulangan,ph,24,100,11.14,123.72,,7.43,1529554587,84.24
kawalu,id,80,84,-7.38,108.21,,2.39,1529554500,74.34
tumut,au,24,72,-35.3,148.22,,2.39,1529554588,52.02
ahipara,nz,92,100,-35.17,173.16,,21.52,1529554527,55.26
lata,sb,,,,,,,,
saint pete beach,us,75,74,27.73,-82.74,,8.99,1529553360,84.2
shimanovsk,ru,8,49,52,127.67,,3.62,1529554588,73.62
skagastrond,is,,,,,,,,
namibe,ao,0,100,-15.19,12.15,,4.52,1529554588,67.95
mount gambier,au,56,98,-37.83,140.78,,3.4,1529554431,51.75
dunedin,nz,0,89,-45.87,170.5,,3.29,1529554589,41.94
male,mv,75,74,4.17,73.51,,10.29,1529550000,84.2
beruwala,lk,80,100,6.48,79.98,,14.03,1529554589,79.29
enshi,cn,92,100,30.29,109.48,,3.62,1529554589,69.57
cherskiy,ru,0,50,68.75,161.3,,1.61,1529554483,62.19
urulga,ru,,,,,,,,
mach,pk,0,34,29.87,67.33,,3.18,1529554589,73.71
lodja,cd,12,78,-3.52,23.6,,3.85,1529554825,72.36
urdzhar,kz,,,,,,,,
abalak,ne,0,63,15.46,6.28,,14.92,1529554590,79.74
havre,us,75,64,48.55,-109.68,,8.05,1529549580,69.8
bambanglipuro,id,56,67,-7.95,110.28,,8.43,1529554590,82.71
flin flon,ca,12,31,54.77,-101.88,,4.97,1529554590,79.65
vao,nc,48,100,-22.67,167.48,,14.03,1529554538,71.19
half moon bay,us,90,87,37.46,-122.43,,12.75,1529553360,60.8
victoria,sc,40,83,-4.62,55.45,,13.87,1529550000,78.8
peruibe,br,0,100,-24.32,-47,,8.21,1529554590,69.57
kalemie,cd,76,98,-5.95,29.2,,3.18,1529554591,74.79
te anau,nz,0,95,-45.41,167.72,,2.95,1529554826,41.22
san jeronimo,mx,5,40,29.37,-110.79,,8.05,1529552460,87.8
takanabe,jp,75,88,32.13,131.49,,3.36,1529550000,75.2
hunza,pk,,,,,,,,
ostrovnoy,ru,92,100,68.05,39.51,,8.66,1529554591,44.19
elko,us,1,17,40.83,-115.76,,3.36,1529549760,82.4
braganca,pt,0,91,41.81,-6.76,,2.39,1529554592,55.89
cherdyn,ru,92,95,60.4,56.48,,9.66,1529554592,51.39
yumen,cn,0,35,40.29,97.04,,1.16,1529554592,81.63
vyshneve,ua,0,77,50.39,30.37,,4.47,1529551800,64.4
creel,mx,76,37,27.75,-107.63,,3.06,1529554593,72.09
cururupu,br,48,100,-1.82,-44.87,,3.06,1529554593,71.46
asau,tv,,,,,,,,
raga,sd,,,,,,,,
kegayli,uz,,,,,,,,
pundaguitan,ph,0,100,6.37,126.17,,1.61,1529554593,83.16
sao geraldo do araguaia,br,12,96,-6.4,-48.55,,3.18,1529554594,69.66
sennoy,ru,0,43,52.16,46.96,,7.65,1529554594,63.81
zhenlai,cn,0,49,45.84,123.2,,7.76,1529554594,81.54
kouroussa,gn,56,95,10.65,-9.88,,10.45,1529554531,72.54
dunda,tz,32,83,-8.12,34.25,,7.87,1529554594,62.82
santa maria,cv,75,83,16.6,-22.9,,12.75,1529550000,71.6
mrirt,ma,,,,,,,,
ruatoria,nz,,,,,,,,
padang,id,20,100,-0.92,100.36,,3.62,1529554828,85.14
katha,mm,,,,,,,,
kamenka,ru,0,50,53.19,44.05,,9.55,1529554828,63.0
zaysan,kz,8,48,47.47,84.87,,4.97,1529554595,69.3
ouesso,cg,64,95,1.61,16.05,,2.28,1529554595,71.19
cidreira,br,0,87,-30.17,-50.22,,2.39,1529554595,50.22
sibolga,id,80,95,1.74,98.78,,2.62,1529554829,75.33
tapaua,br,,,,,,,,
tallahassee,us,20,74,30.44,-84.28,,6.93,1529554500,82.4
nuevo progreso,mx,44,60,17.14,-95.05,,19.28,1529554595,84.33
palabuhanratu,id,,,,,,,,
tessalit,ml,0,17,20.2,1.01,,11.45,1529554829,82.44
gizo,sb,80,100,-8.1,156.84,,14.58,1529554596,82.17
puerto del rosario,es,40,73,28.5,-13.86,,14.99,1529553600,69.8
mergui,mm,,,,,,,,
panzhihua,cn,88,95,26.59,101.72,,3.06,1529554596,67.86
hamilton,bm,20,83,32.3,-64.78,,13.87,1529553300,77.0
burnie,au,0,100,-41.05,145.91,,10.22,1529554597,52.92
kawana waters,au,,,,,,,,
babanusah,sd,,,,,,,,
ishigaki,jp,75,84,24.34,124.16,,18.34,1529550000,86.0
price,us,1,22,39.6,-110.81,,9.17,1529549580,78.8
doctor pedro p. pena,py,,,,,,,,
ust-kuyga,ru,0,49,70,135.55,,6.98,1529554597,71.46
bur gabo,so,,,,,,,,
moindou,nc,75,53,-21.69,165.68,,9.17,1529553600,73.4
chicama,pe,90,88,-7.84,-79.15,,8.05,1529553600,64.4
smithers,ca,75,88,54.78,-127.17,,1.72,1529550000,64.4
alice town,bs,8,100,25.72,-79.3,,7.76,1529554598,83.7
varska,ee,,,,,,,,
zhezkazgan,kz,0,21,47.8,67.71,,8.95,1529551800,82.4
manado,id,40,66,1.49,124.85,,5.82,1529553600,86.0
santa rosa,ar,0,53,-36.62,-64.29,,13.47,1529554599,48.24
grenada,us,90,88,33.77,-89.81,,4.07,1529549580,78.8
leshukonskoye,ru,100,100,64.9,45.76,,5.97,1529554745,56.16
khandyga,ru,88,39,62.65,135.58,,6.87,1529554478,67.41
matay,eg,0,49,28.42,30.79,,8.32,1529554599,75.6
dalvik,is,0,92,65.97,-18.53,,2.24,1529553600,35.6
leh,in,76,100,34.16,77.58,,0.72,1529554599,31.77
belyy yar,ru,0,56,53.6,91.39,,4.47,1529551800,73.4
san jose,bo,0,93,-17.94,-63.35,,5.82,1529553600,62.6
skala,gr,20,82,36.85,22.66,,5.19,1529553000,60.8
isangel,vu,0,100,-19.55,169.27,,11.68,1529554831,74.25
pimampiro,ec,32,100,0.39,-77.94,,1.95,1529554600,42.66
bushehr,ir,0,48,28.97,50.84,,11.41,1529551800,87.8
kiama,au,0,55,-34.67,150.86,,5.82,1529550000,60.8
kaeo,nz,92,99,-35.1,173.78,,17.27,1529554510,54.0
sepuka,tz,0,90,-4.75,34.53,,10.67,1529554601,56.79
linhai,cn,88,93,28.86,121.14,,4.63,1529554601,73.98
taytay,ph,48,93,10.83,119.52,,8.43,1529554601,84.87
santa isabel do rio negro,br,36,100,-0.41,-65.02,,3.18,1529554832,71.73
bichura,ru,92,65,50.59,107.6,,2.17,1529554601,71.37
warangal,in,0,70,17.99,79.6,,4.18,1529554601,84.69
vestmannaeyjar,is,0,97,63.44,-20.27,,11.68,1529554602,45.27
sentyabrskiy,ru,,,,,,,,
lolua,tv,,,,,,,,
aksu,cn,12,50,41.12,80.26,,4.74,1529554602,69.66
yarada,in,36,99,17.65,83.27,,14.92,1529554529,83.97
kampong thum,kh,44,82,12.71,104.89,,5.75,1529554602,86.76
satana,in,8,86,20.6,74.2,,9.78,1529554602,80.1
longyearbyen,sj,75,81,78.22,15.64,,5.82,1529553000,42.8
avera,pf,,,,,,,,
la libertad,sv,20,88,13.49,-89.32,,3.36,1529553000,80.6
vila velha,br,40,78,-3.71,-38.6,,9.17,1529553600,80.6
formoso do araguaia,br,,,,,,,,
bellmead,us,40,83,31.59,-97.11,,8.05,1529553300,78.8
cranbrook,ca,40,33,49.51,-115.76,,11.41,1529550000,77.0
bubaque,gw,64,100,11.28,-15.83,,10.45,1529554604,79.56
alice springs,au,0,36,-23.7,133.88,,13.87,1529551800,60.8
mwinilunga,zm,0,76,-11.73,24.43,,2.62,1529554604,49.95
griffith,au,0,100,-34.29,146.06,,4.63,1529554833,58.32
bajil,ye,0,75,15.06,43.29,,2.62,1529554604,72.18
comodoro rivadavia,ar,0,45,-45.87,-67.48,,16.11,1529553600,44.6
kruisfontein,za,0,94,-34,24.73,,10.89,1529554605,52.47
tshane,bw,0,41,-24.02,21.87,,6.98,1529554605,43.11
montepuez,mz,0,92,-13.13,39,,7.43,1529554605,61.65
ikorodu,ng,20,100,6.62,3.5,,3.36,1529550000,73.4
nhulunbuy,au,40,58,-12.18,136.78,,14.99,1529551800,84.2
hobyo,so,0,85,5.35,48.53,,20.18,1529554605,74.97
sangar,ru,12,51,63.92,127.47,,9.22,1529554606,65.16
eureka,us,90,87,40.8,-124.16,,6.93,1529552400,55.4
itarema,br,0,87,-2.92,-39.92,,10,1529554606,75.6
nelson bay,au,75,82,-32.72,152.14,,5.82,1529553600,59.0
coruripe,br,92,95,-10.12,-36.18,,14.81,1529554606,78.21
viedma,ar,0,44,-40.81,-62.99,,21.97,1529554606,48.24
carballo,es,0,100,43.21,-8.69,,3.36,1529553600,62.6
kongolo,cd,76,50,-5.39,27,,2.39,1529554607,74.7
port hardy,ca,75,68,50.7,-127.42,,8.05,1529550000,66.2
kisangani,cd,88,100,0.52,25.21,,2.62,1529554834,71.91
kyaikkami,mm,92,100,16.08,97.57,,5.64,1529554607,75.96
mogwase,za,0,89,-25.28,27.22,,3.96,1529554607,38.88
moissac,fr,90,94,44.11,1.08,,8.05,1529553600,68.0
oranjemund,na,0,100,-28.55,16.43,,3.06,1529554835,57.42
tabialan,ph,,,,,,,,
bridlington,gb,12,76,54.08,-0.19,,10.29,1529553000,50.0
ozgon,kg,,,,,,,,
kapit,my,0,77,2.02,112.94,,2.95,1529554608,84.51
rungata,ki,,,,,,,,
presidente epitacio,br,0,85,-21.76,-52.12,,2.39,1529554476,61.47
upernavik,gl,88,95,72.79,-56.15,,10.89,1529554486,32.58
preobrazheniye,ru,68,88,42.9,133.91,,2.62,1529554608,61.83
smolenka,ru,0,72,54.28,56.05,,13.42,1529551800,60.8
jalingo,ng,92,98,10.3,10.93,,9.66,1529554609,68.76
ferkessedougou,ci,76,87,9.6,-5.2,,6.98,1529554609,73.53
jiangyou,cn,100,97,31.78,104.73,,4.97,1529554609,72.09
havoysund,no,90,100,71,24.66,,8.05,1529553000,44.6
san carlos,co,75,93,6.19,-74.99,,1.61,1529553600,59.0
dinar,tr,20,93,38.07,30.16,,2.24,1529551200,57.2
houma,cn,20,52,35.63,111.36,,7.76,1529554610,81.09
shahr-e babak,ir,0,20,30.12,55.12,,5.19,1529554610,72.72
kisujszallas,hu,0,94,47.22,20.77,,2.24,1529552700,68.0
yerbogachen,ru,56,55,61.28,108.01,,2.06,1529554611,78.3
qasigiannguit,gl,0,43,68.82,-51.19,,16.11,1529553000,51.8
belaya kholunitsa,ru,68,84,58.84,50.85,,16.71,1529554611,52.92
camacha,pt,75,88,33.08,-16.33,,12.75,1529551800,66.2
urumqi,cn,,,,,,,,
alotau,pg,,,,,,,,
chama,zm,0,91,-11.22,33.16,,4.85,1529554611,53.91
mayo,ca,90,26,63.59,-135.9,,3.36,1529550000,80.6
dongsheng,cn,68,77,29.72,112.52,,10.89,1529554612,83.43
naze,jp,75,83,28.37,129.48,,18.34,1529550000,84.2
constitucion,mx,5,33,23.99,-104.67,,5.82,1529549160,77.0
zhanatas,kz,,,,,,,,
geraldton,au,0,52,-28.77,114.6,,9.17,1529551800,68.0
guerrero negro,mx,0,86,27.97,-114.04,,8.99,1529554521,63.27
weiser,us,20,38,44.25,-116.97,,9.17,1529551440,75.2
jyvaskyla,fi,,,,,,,,
tazovskiy,ru,12,72,67.47,78.7,,15.7,1529554837,65.97
deputatskiy,ru,0,23,69.3,139.9,,8.66,1529554613,70.56
